Parameter,S1,S1_conf,ST,ST_conf
mu_u,0.002700538914555059,0.005965769298555396,0.008432016016889438,0.002813030186502338
sigma_u,0.03201212158280856,0.01696197244324394,0.03877517873811422,0.01272815378520976
xi_u,0.035418073853341434,0.02354426325442081,0.06823174604791728,0.019574856647560503
dr_u,0.02514283163439835,0.017120896073433187,0.13168269101095942,0.08222451803837659
lt_u,0.22370900773123742,0.09816058646141097,0.3729195897814867,0.11594977535230198
dd_err,0.015443679746527229,0.01641739765318089,0.028338953186425393,0.009814159302466971
hv_rate,0.15232698813157258,0.058007671175655855,0.4313555190807917,0.22106926599917906
b1,0.06191638315225822,0.029361537977454458,0.2009515290093851,0.08219232838202803
b2,0.03366867229888968,0.02236365524306931,0.06940783746439438,0.0266344783361983
